,ticker,price,beta,volAvg,mktCap,lastDiv,range,changes,changesPercentage,companyName,exchange,industry,website,description,ceo,sector,image
0,AAPL,315.01,1.228499,51487874,1.37E+12,3.08,170.27-327.85,4.88,(+1.57%),Apple Inc.,Nasdaq Global Select,Computer Hardware,http://www.apple.com,"Apple Inc is designs, manufactures and markets mobile communication and media devices and personal computers, and sells a variety of related software, services, accessories, networking solutions and third-party digital content and applications.",Timothy D. Cook,Technology,https://financialmodelingprep.com/images-New-jpg/AAPL.jpg
1,MSFT,186.74,1.231028,55771582,1.42E+12,1.94,119.01-190.7,2.06,(+1.12%),Microsoft Corporation,Nasdaq Global Select,Application Software,http://www.microsoft.com,"Microsoft Corp is a technology company. It develop, license, and support a wide range of software products and services. Its business is organized into three segments: Productivity and Business Processes, Intelligent Cloud, and More Personal Computing.",Satya Nadella,Technology,https://financialmodelingprep.com/images-New-jpg/MSFT.jpg
2,AMZN,2409,1.516863,6083650,1.20E+12,0,1626.03-2475.0,29.39,(+1.24%),Amazon.com Inc.,Nasdaq Global Select,Online Media,http://www.amazon.com,"Amazon.com Inc is an online retailer. The Company sells its products through the website which provides services, such as advertising services and co-branded credit card agreements. It also offers electronic devices like Kindle e-readers and Fire tablets.",Jeffrey P. Bezos,Technology,https://financialmodelingprep.com/images-New-jpg/AMZN.jpg
3,FB,213.18,1.062394,24747940,6.07E+11,0,137.1-224.2,0.83,(+0.39%),Facebook Inc.,Nasdaq Global Select,Online Media,http://www.facebook.com,"Facebook Inc is the world's largest online social network. Its products are Facebook, Instagram, Messenger, WhatsApp, and Oculus. Its products enable people to connect and share through mobile devices and personal computers.",Mark Zuckerberg,Technology,https://financialmodelingprep.com/images-New-jpg/FB.jpg
4,GOOGL,1403.59,1.022765,2766269,9.58E+11,0,1008.87-1530.74,19.25,(+1.39%),Alphabet Inc.,Nasdaq Global Select,Online Media,https://www.abc.xyz,"Alphabet Inc is a provider of internet content products and portals. Its suite of brands includes Search, Android, YouTube, Apps, Maps & Ads.",Larry Page,Technology,https://financialmodelingprep.com/images-New-jpg/GOOGL.jpg
5,GOOG,1403.26,1.022765,2433520,9.58E+11,0,1013.536-1532.106,14.89,(+1.07%),Alphabet Inc.,Nasdaq Global Select,Online Media,https://www.abc.xyz,"Alphabet Inc is a provider of internet content products and portals. Its suite of brands includes Search, Android, YouTube, Apps, Maps & Ads.",Larry Page,Technology,https://financialmodelingprep.com/images-New-jpg/GOOG.jpg
6,INTC,60.13,0.90978,32458927,2.55E+11,1.29,42.86-69.29,0.46,(+0.77%),Intel Corporation,Nasdaq Global Select,Semiconductors,http://www.intel.com,"Intel Corp is the world's largest chipmaker. It engaged in making a semiconductor chip. It designs and manufactures integrated digital technology products like integrated circuits, for industries such as computing and communications.",Brian M. Krzanich,Technology,https://financialmodelingprep.com/images-New-jpg/INTC.jpg
7,NFLX,440.52,1.301854,8835290,1.94E+11,0,252.28-449.52,4.97,(+1.14%),Netflix Inc.,Nasdaq Global Select,Communication Services,http://www.netflix.com,"Netflix Inc provides multimedia content through the internet. It provides a subscription based platform for television shows, movies and original series.",Reed Hastings,Communication Services,https://financialmodelingprep.com/images-New-jpg/NFLX.jpg
8,PEP,134.38,0.537942,7012533,1.87E+11,3.84,101.42-147.2,0.15,(+0.11%),PepsiCo Inc.,Nasdaq Global Select,Beverages - Non-Alcoholic,http://www.pepsico.com,"PepsiCo Inc is a food, snack and beverage company. It manufactures, markets, distributes and sells convenient and enjoyable beverages, foods and snacks, serving customers and consumers in more than 200 countries and territories.",Indra K. Nooyi,Consumer Defensive,https://financialmodelingprep.com/images-New-jpg/PEP.jpg
9,CSCO,43.32,1.204047,33287317,1.84E+11,1.41,32.4-58.26,0.33,(+0.77%),Cisco Systems Inc.,Nasdaq Global Select,Communication Equipment,http://www.cisco.com,"Cisco Systems Inc is a supplier of data networking equipment and software. Its products include routers, switches, access equipment, and security and network management software which allow data communication among dispersed computer networks.",Charles Robbins,Technology,https://financialmodelingprep.com/images-New-jpg/CSCO.jpg
10,NVDA,322.62,2.037942,15777041,1.98E+11,0.64,132.6-324.5,10.12,(+3.24%),NVIDIA Corporation,Nasdaq Global Select,Semiconductors,http://www.nvidia.com,"NVIDIA Corp is a developer of semiconductor equipment. It caters to areas like gaming, professional visualization, datacenter and automobiles.",Jen-Hsun Huang,Technology,https://financialmodelingprep.com/images-New-jpg/NVDA.jpg
11,ADBE,371.42,1.10118,4137485,1.79E+11,0.05,255.13-386.75,3.91,(+1.06%),Adobe Systems Incorporated,Nasdaq Global Select,Application Software,http://www.adobe.com,"Adobe Systems Inc offers a line of software and services for content creation and the measurement of digital advertising and marketing. Its software applications includes Photoshop and Lightroom, Adobe Analytics, Media Optimizer and Campaign Manager.",Shantanu Narayen,Technology,https://financialmodelingprep.com/images-New-jpg/ADBE.jpg
12,CMCSA,36.16,1.061551,29343180,1.65E+11,0.86,31.71-47.74,-0.375,(-1.03%),Comcast Corporation Class A Common Stock,Nasdaq Global Select,Entertainment,https://corporate.comcast.com,"Comcast Corp is a media and technology company. It mainly involves in the cable industry and owns Comcast Cable, E!, NBCUniversal, and the NBC broadcast network.",Brian L. Roberts,Consumer Cyclical,https://financialmodelingprep.com/images-New-jpg/CMCSA.jpg
13,PYPL,143.96,0.954947,10995458,1.69E+11,0,82.07-147.2,-1,(-0.69%),PayPal Holdings Inc.,Nasdaq Global Select,Credit Services,https://www.paypal.com,"PayPal Holdings Inc is a technology platform company that enables digital and mobile payments on behalf of consumers and merchants. The company's payments platform includes PayPal, PayPal Credit, Venmo, Xoom and Braintree products.",Daniel H. Schulman,Financial Services,https://financialmodelingprep.com/images-New-jpg/PYPL.jpg
14,TSLA,811.29,0.580101,18543219,1.50E+11,0,176.99-968.99,-8.13,(-0.99%),Tesla Inc.,Nasdaq Global Select,Autos,https://www.tesla.com,"Tesla Inc is a vertically integrated sustainable energy company. It designs, develops, manufactures and sells high-performance fully electric vehicles and electric vehicle powertrain components.",Elon Musk,Consumer Cyclical,https://financialmodelingprep.com/images-New-jpg/TSLA.jpg
15,COST,310.33,0.881956,3955996,1.37E+11,2.6,233.05-325.26,4.39,(+1.43%),Costco Wholesale Corporation,Nasdaq Global Select,Retail - Defensive,http://www.costco.com,Costco Wholesale Corp and its subsidiaries operate membership warehouses. The company offers its members low prices on a limited selection of nationally branded and select private-label products in merchandise categories.,W. Craig Jelinek,Consumer Defensive,https://financialmodelingprep.com/images-New-jpg/COST.jpg
16,AMGN,242.74,1.118043,3371066,1.43E+11,5.95,166.3-244.99,7.92,(+3.37%),Amgen Inc.,Nasdaq Global Select,Biotechnology,http://www.amgen.com,"Amgen Inc is a U.S. based biotechnology company, with historical expertise in renal disease and cancer supportive care products. The firm discovers, develops, manufactures and delivers human therapeutics.",Robert A. Bradway,Healthcare,https://financialmodelingprep.com/images-New-jpg/AMGN.jpg
17,CHTR,510.74,1.197301,1815591,1.05E+11,0,345.67-546.54,-4.54,(-0.88%),Charter Communications Inc.,Nasdaq Global Select,Communication Services,http://www.charter.com,"Charter Communications Inc is a providers of cable services in the United States. The company offers entertainment, information and communications solutions to residential and commercial customers.",Thomas M. Rutledge,Communication Services,https://financialmodelingprep.com/images-New-jpg/CHTR.jpg
18,AVGO,275.4,0.914839,3679548,1.10E+11,11.8,155.67-331.58,0.37,(+0.13%),Broadcom Limited,Nasdaq Global Select,Semiconductors,http://www.broadcom.com,"Broadcom Ltd is engaged in designing, developing and supplying analog and digital semiconductor connectivity solutions. Its product portfolio serves wired infrastructure, wireless communications, enterprise storage and industrial and other end markets.",Hock E. Tan,Technology,https://financialmodelingprep.com/images-New-jpg/AVGO.jpg
19,GILD,80.8,1.13575,25055103,1.01E+11,2.57,60.89-85.97,3.31,(+4.27%),Gilead Sciences Inc.,Nasdaq Global Select,Biotechnology,http://www.gilead.com,"Gilead Sciences Inc is a biopharmaceutical company that discovers, develops and commercializes new medicines in areas of unmet medical need. Its products target a number of areas, such as HIV, liver diseases, cardiovascular and other diseases.",John F. Milligan,Healthcare,https://financialmodelingprep.com/images-New-jpg/GILD.jpg
20,TXN,114.88,1.192242,7353658,1.05E+11,3.34,93.09-135.7,-0.12,(-0.10%),Texas Instruments Incorporated,Nasdaq Global Select,Semiconductors,http://www.ti.com,"Texas Instruments Inc designs and makes semiconductors that it sells to electronics designers and manufacturers. It also manufactures digital signal processors used in wireless communications, and microcontrollers used in various electronics applications.",Richard K. Templeton,Technology,https://financialmodelingprep.com/images-New-jpg/TXN.jpg
21,QCOM,80.48,1.637436,11819119,9.05E+10,2.48,58.0-96.17,-0.08,(-0.10%),QUALCOMM Incorporated,Nasdaq Global Select,Semiconductors,http://www.qualcomm.com,"Qualcomm Inc develops and licenses wireless technology. It also engages in designing chips for mobile phones. The company is also the world's largest wireless chip vendor, supplying many premier handset makers with leading-edge processors.",Steven M. Mollenkopf,Technology,https://financialmodelingprep.com/images-New-jpg/QCOM.jpg
22,SBUX,75.87,0.504215,14857317,8.86E+10,1.54,50.02-99.72,-2,(-2.57%),Starbucks Corporation,Nasdaq Global Select,Restaurants,http://www.starbucks.com,"Starbucks Corp is the roaster, marketer and retailer of specialty coffee in the world, operating globally. It sells a variety of coffee and tea products. It sells goods and services under brands including Teavana, Tazo, and Seattle's Best Coffee.",Kevin R. Johnson,Consumer Cyclical,https://financialmodelingprep.com/images-New-jpg/SBUX.jpg
23,TMUS,96.72,0.376053,6111387,1.20E+11,0.69,63.5-101.35,-1.8,(-1.83%),T-Mobile US Inc.,Nasdaq Global Select,Communication Services,http://www.t-mobile.com,"T-Mobile US Inc is a US-based wireless company which provides wireless communications services, including voice, messaging and data in the postpaid, prepaid and wholesale markets. It also provides wireless devices and accessories.",John J. Legere,Communication Services,https://financialmodelingprep.com/images-New-jpg/TMUS.jpg
24,MDLZ,50.79,0.753794,9570095,7.25E+10,1.13,41.19-59.96,-0.11,(-0.22%),Mondelez International Inc.,Nasdaq Global Select,Consumer Packaged Goods,http://www.mondelezinternational.com,"Mondelez International Inc is associated with the confectionery industry. It manufactures and markets snack food and beverage products like biscuits, chocolate, gum and candy, and beverages.The sale of biscuits generate maximum revenue for the company.",Dirk Van de Put,Consumer Defensive,https://financialmodelingprep.com/images-New-jpg/MDLZ.jpg
25,INTU,287.84,1.059865,1778529,7.50E+10,2.06,187.68-306.89,7.48,(+2.67%),Intuit Inc.,Nasdaq Global Select,Application Software,http://www.intuit.com,"Intuit Inc creates business and financial management solutions for small businesses, consumers, and accounting professionals. The company's products and services include QuickBooks and TurboTax.",,Technology,https://financialmodelingprep.com/images-New-jpg/INTU.jpg
26,FISV,101.73,0.794266,5427661,6.81E+10,0,73.5-125.05,-3.05,(-2.91%),Fiserv Inc.,Nasdaq Global Select,Business Services,http://www.fiserv.com,Fiserv Inc is a business solutions provider. Its service offering primarily includes electronic processing services.,Jeffery W. Yabuki,Industrials,https://financialmodelingprep.com/images-New-jpg/FISV.jpg
27,AMD,55.74,3.079258,82515393,6.53E+10,0,26.03-59.27,2.55,(+4.79%),Advanced Micro Devices Inc.,NASDAQ Capital Market,Semiconductors,http://www.amd.com,"Advanced Micro Devices Inc designs and produces microprocessors and low-power processor solutions for the computer, communications, and consumer electronics industries.",Lisa T. Su,Technology,https://financialmodelingprep.com/images-New-jpg/AMD.jpg
28,ADP,144.61,0.881112,2922216,6.21E+10,3.4,103.11-182.32,-1.39,(-0.95%),Automatic Data Processing Inc.,Nasdaq Global Select,Business Services,http://www.adp.com,"Automatic Data Processing Inc is a provider of miscellaneous business solutions. Its business includes provision of technology-based outsourcing solutions to employers, vehicle retailers and manufacturers.",Carlos A. Rodriguez,Industrials,https://financialmodelingprep.com/images-New-jpg/ADP.jpg
29,VRTX,285.28,1.488195,2191469,7.40E+10,0,164.96-286.82,13.65,(+5.03%),Vertex Pharmaceuticals Incorporated,Nasdaq Global Select,Biotechnology,http://www.vrtx.com,"Vertex Pharmaceuticals Inc is engaged in the business of discovering, developing, manufacturing and commercializing small molecule drugs for patients with serious diseases in specialty markets. Its products include SYMDEKO, ORKAMBI, and KALYDECO.",Jeffrey M Leiden,Healthcare,https://financialmodelingprep.com/images-New-jpg/VRTX.jpg
30,ISRG,539.1,1.134064,1055669,6.29E+10,0,360.5-619.0,1.33,(+0.25%),Intuitive Surgical Inc.,Nasdaq Global Select,Medical Devices,http://www.intuitivesurgical.com,"Intuitive Surgical Inc designs, manufactures, markets da Vinci Surgical Systems, and related instruments. The da Vinci surgery, combines the benefits of minimally invasive surgery for patients with the ease of use, precision and dexterity of open surgery.",Gary S. Guthart,Healthcare,https://financialmodelingprep.com/images-New-jpg/ISRG.jpg
31,REGN,574.11,1.194772,1392543,6.46E+10,0,271.37-581.0,10.71,(+1.90%),Regeneron Pharmaceuticals Inc.,Nasdaq Global Select,Biotechnology,http://www.regeneron.com,"Regeneron Pharmaceuticals Inc is an integrated biopharmaceutical company. It discovers, invents, develops, manufactures, and commercializes medicines for the treatment of serious medical conditions.",Leonard S. Schleifer,Healthcare,https://financialmodelingprep.com/images-New-jpg/REGN.jpg
32,BKNG,1411,1.095278,694282,5.78E+10,0,1107.29-2094.0,-19.83,(-1.39%),Booking Holdings Inc.,Nasdaq Global Select,Travel & Leisure,http://www.bookingholdings.com,"Booking Holdings Inc is an online travel agency. The firm through its branded sites offer booking services for hotel rooms, airline tickets, rental restaurant reservations, cruises, and other vacation packages.",Glenn Fogel,Consumer Cyclical,https://financialmodelingprep.com/images-New-jpg/BKNG.jpg
33,MU,48.2,1.951096,31128832,5.36E+10,0.15,31.13-61.19,-0.05,(-0.10%),Micron Technology Inc.,Nasdaq Global Select,Semiconductors,http://www.micron.com,"Micron Technology Inc along with its subsidiaries provide memory and storage solutions. Its product portfolio consists of memory and storage technologies such as DRAM, NAND, NOR and 3D XPoint memory.",,Technology,https://financialmodelingprep.com/images-New-jpg/MU.jpg
34,ATVI,75.46,0.822934,9215661,5.81E+10,0.41,41.84-75.97,2.32,(+3.17%),Activision Blizzard Inc,Nasdaq Global Select,Application Software,http://www.activisionblizzard.com,"Activision Blizzard is a developer and publisher of interactive entertainment content and services. It develops and distributes content and services on video game consoles, personal computers, and mobile devices.",Robert A. Kotick,Technology,https://financialmodelingprep.com/images-New-jpg/ATVI.jpg
35,BIIB,328.01,1.061551,2087872,5.35E+10,0,215.78-374.99,13.99,(+4.46%),Biogen Inc.,Nasdaq Global Select,Biotechnology,http://www.biogen.com,"Biogen Inc is a biopharmaceutical company. It is engaged in discovering, developing, manufacturing and delivering therapies to patients for the treatment of neurological, rare and autoimmune diseases.",Michel Vounatsos,Healthcare,https://financialmodelingprep.com/images-New-jpg/BIIB.jpg
36,AMAT,54.01,1.653456,10920475,4.96E+10,1.04,36.64-69.44,0.2,(+0.37%),Applied Materials Inc.,Nasdaq Global Select,Semiconductors,http://www.appliedmaterials.com,"Applied Materials Inc is a supplier of semiconductor manufacturing equipment. It provides manufacturing equipment, services and software to the semiconductor, flat panel display, solar photovoltaic and related industries.",Gary E. Dickerson,Technology,https://financialmodelingprep.com/images-New-jpg/AMAT.jpg
37,CSX,65.91,1.213322,6069569,5.05E+10,0.98,46.81-80.62,-0.2,(-0.30%),CSX Corporation,Nasdaq Global Select,Transportation & Logistics,http://www.csx.com,"CSX Corp is a railroad operating company with operations spread across the Eastern United States. The company hauls shipments of coal products, chemicals, intermodal containers, and a diverse mix of other merchandise.",James M. Foote,Industrials,https://financialmodelingprep.com/images-New-jpg/CSX.jpg
38,ILMN,320.31,1.041315,1412938,4.71E+10,0,196.78-380.76,10.44,(+3.37%),Illumina Inc.,Nasdaq Global Select,Medical Instruments & Equipment,http://www.illumina.com,Illumina Inc engages in life science tools and machines for analyzing genetic material. The company primarily engages in microarray and genome sequencing machines and disposables. It also provides sequencing services through its products.,Francis A. DeSouza,Healthcare,https://financialmodelingprep.com/images-New-jpg/ILMN.jpg
39,JD,46.72,1.36172,17969751,6.86E+10,0,25.48-47.98,-0.06,(-0.13%),JD.com Inc.,Nasdaq Global Select,Online Media,http://www.jd.com,JD.com Inc is an online direct sales company in China. It acquires products from suppliers and sells them directly to its customers through its website and mobile applications.,Qiangdong Richard Liu,Technology,https://financialmodelingprep.com/images-New-jpg/JD.jpg
40,ADSK,184.4,1.890387,2431437,4.04E+10,0.1,125.38-211.58,0.11,(+0.06%),Autodesk Inc.,Nasdaq Global Select,Application Software,http://www.autodesk.com,Autodesk Inc is engaged in the software industry. It develops software for a number of markets such as construction and media.,Andrew Anagnost,Technology,https://financialmodelingprep.com/images-New-jpg/ADSK.jpg
41,ADI,108.42,1.408094,3317911,3.99E+10,2.16,79.08-127.3,-1.41,(-1.28%),Analog Devices Inc.,Nasdaq Global Select,Semiconductors,http://www.analog.com,"Analog Devices Inc is engaged in the semiconductor industry. Its business involves designing, manufacturing and marketing of high-performance analog, mixed-signal and digital signal processing integrated circuits used in all types of electronic equipment.",Vincent T. Roche,Technology,https://financialmodelingprep.com/images-New-jpg/ADI.jpg
42,WBA,41.71,0.903878,7826498,3.66E+10,1.82,39.41-64.5,0.04,(+0.10%),Walgreens Boots Alliance Inc.,Nasdaq Global Select,Drug Manufacturers,http://www.walgreens.com,"Walgreens Boots Alliance Inc is a pharmacy led health and wellbeing company. It operates retail pharmacy store chain in the United States. The firm sells and markets its products under brands such as Walgreens, Duane Reade, Boots and Alliance Healthcare.",Stefano Pessina,Healthcare,https://financialmodelingprep.com/images-New-jpg/WBA.jpg
43,KHC,29.33,1.015285,10369693,3.58E+10,1.6,19.99-33.43,-0.23,(-0.78%),The Kraft Heinz Company,Nasdaq Global Select,Consumer Packaged Goods,http://www.heinz.com,"The Kraft Heinz Co is a food and beverage company. It manufactures and market food and beverage products, including condiments and sauces, cheese and dairy, meals, meat, refreshment beverages, and other grocery products.",Bernardo Hees,Consumer Defensive,https://financialmodelingprep.com/images-New-jpg/KHC.jpg
44,EXC,37.28,0.243676,7361075,3.63E+10,1.46,29.28-51.18,-0.15,(-0.40%),Exelon Corporation,New York Stock Exchange,Utilities - Regulated,http://www.exeloncorp.com,Exelon Corp is a power retailer engaged in the utilities sector of United States. The company involves in the power generation and transmission activities. The Generation segment generates maximum revenue for the company.,Christopher M. Crane,Utilities,https://financialmodelingprep.com/images-New-jpg/EXC.jpg
45,LRCX,262.23,1.641652,2527919,3.81E+10,4.55,171.04-344.32,-3.17,(-1.19%),Lam Research Corporation,Nasdaq Global Select,Semiconductors,http://www.lamrc.com,Lam Research Corp functions in the semiconductor industry. It develops and sells semiconductor processing systems that are used in the fabrication of integrated circuits.,Martin B. Anstice,Technology,https://financialmodelingprep.com/images-New-jpg/LRCX.jpg
46,XEL,60.13,0.091062,4517638,3.16E+10,1.62,46.58-72.14,-0.18,(-0.30%),Xcel Energy Inc.,Nasdaq Global Select,Utilities - Regulated,http://www.xcelenergy.com,Xcel Energy Inc manages utilities to serve over 3.5 million electric customers and 2.0 million natural gas customers across United States. The company through its subsidiary firms operates the electric and gas business in US and Mexico.,Benjamin G.S. Fowke,Utilities,https://financialmodelingprep.com/images-New-jpg/XEL.jpg
47,EA,117.37,0.919898,4067146,3.40E+10,0,85.69-120.19,0.75,(+0.64%),Electronic Arts Inc.,Nasdaq Global Select,Application Software,http://www.ea.com,"Electronic Arts Inc operates in the technology sector. It develops, markets, publishes and distributes video game software and content of various platforms.",Andrew Wilson,Technology,https://financialmodelingprep.com/images-New-jpg/EA.jpg
48,MNST,66.4,1.149241,4031822,3.50E+10,0,50.06-70.52,0.62,(+0.94%),Monster Beverage Corporation,Nasdaq Global Select,Beverages - Non-Alcoholic,http://www.monsterbevcorp.com,"Monster Beverage Corp develops, markets, sells and distributes energy drink beverages and/or concentrates for energy drink beverages. Its brands include Monster Energy, Java Monster, Monster Rehab, NOS, Full Throttle, Mother, among others.",Rodney C. Sacks,Consumer Defensive,https://financialmodelingprep.com/images-New-jpg/MNST.jpg
49,DXCM,421.36,0.775716,1907020,3.89E+10,0,113.63-428.0,15.86,(+3.91%),DexCom Inc.,Nasdaq Global Select,Medical Diagnostics & Research,http://www.dexcom.com,"DexCom Inc designs, develops and commercializes continuous glucose monitoring systems for ambulatory use by people with diabetes and for use by healthcare providers in the hospital for the treatment of both diabetic and non-diabetic patients.",Kevin R. Sayer,Healthcare,https://financialmodelingprep.com/images-New-jpg/DXCM.jpg
50,ROST,90.75,0.819561,3673190,3.23E+10,1.07,56.3-124.16,-0.71,(-0.78%),Ross Stores Inc.,Nasdaq Global Select,Retail - Apparel & Specialty,http://www.rossstores.com,"Ross Stores Inc is the off-price apparel and home fashion chains which is engaged in selling name-brand and designer apparel, accessories, footwear, and home fashions to middle-income consumers.",Barbara Rentler,Consumer Cyclical,https://financialmodelingprep.com/images-New-jpg/ROST.jpg
51,EBAY,42.13,1.262225,14382377,2.95E+10,0.58,26.02-42.44,-0.02,(-0.05%),eBay Inc.,Nasdaq Global Select,Retail - Apparel & Specialty,http://www.ebay.com,"eBay Inc is a commerce platform and provides online marketplace for sale of goods. Its marketplace platforms include its online marketplace located at www.ebay.com, its localized counterparts and the eBay mobile apps.",Devin N. Wenig,Consumer Cyclical,https://financialmodelingprep.com/images-New-jpg/EBAY.jpg
52,CTSH,55.55,1.036256,4891991,3.00E+10,1.02,40.01-71.48,-1.61,(-2.82%),Cognizant Technology Solutions Corporation,Nasdaq Global Select,Application Software,http://www.cognizant.com,"Cognizant Technology Solutions Corp is an IT services provider. The company provides services such as technology consulting, application outsourcing, systems integration, business process services, and cloud services.",Francisco DÂ¿Souza,Technology,https://financialmodelingprep.com/images-New-jpg/CTSH.jpg
53,MELI,781.11,1.612141,786941,3.88E+10,0.6,422.22-805.84,-3.41,(-0.43%),MercadoLibre Inc.,Nasdaq Global Select,Retail - Apparel & Specialty,http://www.mercadolibre.com,"MercadoLibre Inc is an e-commerce company. It hosts the online commerce platform in Latin America, which is focused on enabling e-commerce and its related services. The company generates most of its revenue from Brazil, Argentina, Venezuela, and Mexico.",Marcos Galperin,Consumer Cyclical,https://financialmodelingprep.com/images-New-jpg/MELI.jpg
54,LULU,245.62,0.695615,2225451,3.20E+10,0,128.85-266.2,7.63,(+3.21%),lululemon athletica inc.,Nasdaq Global Select,Retail - Apparel & Specialty,http://www.lululemon.com,Lululemon Athletica Inc is a designer and retailer of technical athletic apparel operating in North America and Australia. Its yoga-inspired apparel is marketed under the lululemon athletica and ivivva athletica brand names.,,Consumer Cyclical,https://financialmodelingprep.com/images-New-jpg/LULU.jpg
55,NXPI,102.56,1.214165,4001235,2.86E+10,1.39,58.41-139.59,-2.28,(-2.17%),NXP Semiconductors N.V.,Nasdaq Global Select,Semiconductors,http://www.nxp.com,"NXP Semiconductors NV is a semiconductor company. It mainly provides high-performance mixed signal and standard product solutions for automotive, identification, wireless infrastructure, industrial, mobile, consumer and computing applications.",Richard L. Clemmer,Technology,https://financialmodelingprep.com/images-New-jpg/NXPI.jpg
56,ORLY,398.9,0.695615,1015254,2.96E+10,0,251.52-454.31,-3.61,(-0.90%),O'Reilly Automotive Inc.,Nasdaq Global Select,Retail - Apparel & Specialty,http://www.oreillyauto.com,"O'Reilly Automotive Inc acts as a seller of aftermarket automotive parts, tools, and accessories, serving professional and DIY (do-it-yourself) customers in the US.",Gregory L. Henslee,Consumer Cyclical,https://financialmodelingprep.com/images-New-jpg/ORLY.jpg
57,BIDU,99.55,1.7715,4612982,3.44E+10,0,82.0-155.45,-0.22,(-0.22%),Baidu Inc.,Nasdaq Global Select,Online Media,http://www.ir.baidu.com,Baidu Inc is one of the world's leading Chinese-language Internet search engine. The company through its website primarily serves over 0.8 million advertisers which include small and medium-size businesses.,Yanhong Robin Li,Technology,https://financialmodelingprep.com/images-New-jpg/BIDU.jpg
58,MAR,82.31,1.291736,6823614,2.67E+10,1.92,46.56-153.39,-4.86,(-5.58%),Marriott International,Nasdaq Global Select,Travel & Leisure,http://www.marriott.com,"Marriott International Inc is an operator, franchisor and licensor of hotels and timeshare properties under different brand names. It also operates and develops residential properties and provides services to home/condominium owner associations.",Arne M. Sorenson,Consumer Cyclical,https://financialmodelingprep.com/images-New-jpg/MAR.jpg
59,SGEN,160.96,2.003372,1308300,2.79E+10,0,62.9-168.1,3.29,(+2.09%),Seattle Genetics Inc.,Nasdaq Global Select,Biotechnology,http://www.seattlegenetics.com,Seattle Genetics Inc is a biotechnology company. The company is focused on development and commercialization of targeted therapies for the treatment of cancer. Its products are ADCETRIS (brentuximab vedotin) US and ADCETRIS (brentuximab vedotin) Canada.,Clay B. Siegall,Healthcare,https://financialmodelingprep.com/images-New-jpg/SGEN.jpg
60,SIRI,5.66,1.011804,30732917,2.48E+10,0.04,4.11-7.4,-0.085,(-1.48%),Sirius XM Holdings Inc.,Nasdaq Global Select,Entertainment,http://www.siriusxm.com,"Sirius XM Holdings Inc is a radio company. It offers commercial-free music, sports and live events, news and comedy, exclusive talk and entertainment, and a range of Latin commercial-free music and sports.",James E. Meyer,Consumer Cyclical,https://financialmodelingprep.com/images-New-jpg/SIRI.jpg
61,WDAY,166.58,1.528667,2759830,3.89E+10,0,107.75-226.83,1.03,(+0.62%),Workday Inc.,Nasdaq Global Select,Application Software,http://www.workday.com,"Workday Inc is a SaaS provider offering enterprise resource planning, or ERP, software for medium and large enterprises. The company's product portfolio is built around human capital and financial management software.",,Technology,https://financialmodelingprep.com/images-New-jpg/WDAY.jpg
62,VRSK,160.71,0.68634,1104420,2.61E+10,1.02,116.61-171.73,1.14,(+0.71%),Verisk Analytics Inc.,Nasdaq Global Select,Business Services,http://www.verisk.com,"Verisk Analytics Inc is a data analytics provider serving customers in insurance, natural resources and financial services.",Scott G. Stephenson,Industrials,https://financialmodelingprep.com/images-New-jpg/VRSK.jpg
63,PAYX,66.31,0.866779,3160538,2.38E+10,2.48,47.87-90.54,-0.8,(-1.19%),Paychex Inc.,Nasdaq Global Select,Business Services,http://www.paychex.com,"Paychex Inc operates in payroll outsourcing industry. The company provides integrated payroll, human resource, insurance, and benefits outsourcing solutions for small and medium-sized businesses in the United States.",Martin Mucci,Industrials,https://financialmodelingprep.com/images-New-jpg/PAYX.jpg
64,VRSN,212.15,1.01349,824306,2.45E+10,0,148.77-221.78,2.11,(+1.00%),VeriSign Inc.,Nasdaq Global Select,Online Media,https://www.Verisign.com,VeriSign Inc is a part of the internet content industry. It provides domain name registry and internet security for websites and enterprises around the world.,D. James Bidzos,Technology,https://financialmodelingprep.com/images-New-jpg/VRSN.jpg
65,NTES,356.11,0.806913,808101,4.60E+10,10.34,209.01-367.52,-3.66,(-1.02%),NetEase Inc.,Nasdaq Global Select,Online Media,http://www.netease.com,"NetEase Inc functions in the internet content market. Through online communities, it provides Chinese language content and value added services.",William Lei Ding,Technology,https://financialmodelingprep.com/images-New-jpg/NTES.jpg
66,KLAC,168.78,1.678752,1854716,2.62E+10,3.2,101.34-184.5,-2.72,(-1.59%),KLA-Tencor Corporation,Nasdaq Global Select,Semiconductors,http://www.kla-tencor.com,KLA-Tencor Corp designs and manufactures yield-management and process-monitoring systems for the semiconductor industry. The company also provides systems for optical metrology and e-beam metrology.,Richard P. Wallace,Technology,https://financialmodelingprep.com/images-New-jpg/KLAC.jpg
67,PCAR,68.83,1.32462,2466441,2.38E+10,3.58,49.11-83.41,-0.47,(-0.68%),PACCAR Inc.,Nasdaq Global Select,Truck Manufacturing,http://www.paccar.com,"PACCAR Inc manufactures and sells light, medium and heavy-duty trucks and parts under the Kenworth, Peterbilt and DAF brands. It also designs and manufactures advanced diesel engines and provides financial and information technology services.",Ronald E. Armstrong,Industrials,https://financialmodelingprep.com/images-New-jpg/PCAR.jpg
68,IDXX,299.45,0.715008,746609,2.54E+10,0,168.65-300.58,11.55,(+4.01%),IDEXX Laboratories Inc.,Nasdaq Global Select,Medical Diagnostics & Research,http://www.idexx.com,"IDEXX Laboratories Inc develops, manufactures and distributes products and provide services for companion animal veterinary, livestock and poultry, dairy and water testing markets.",Jonathan W. Ayers,Healthcare,https://financialmodelingprep.com/images-New-jpg/IDXX.jpg
69,ALXN,101.34,1.672006,2777622,2.24E+10,0,72.67-134.84,4,(+4.11%),Alexion Pharmaceuticals Inc.,Nasdaq Global Select,Biotechnology,http://www.alexionpharm.com,Alexion Pharmaceuticals Inc is a biopharmaceutical company. It is engaged in serving patients with severe and ultra-rare disorders through the development and commercialization of life-transforming therapeutic products.,Ludwig N. Hantson,Healthcare,https://financialmodelingprep.com/images-New-jpg/ALXN.jpg
70,CSGP,663.8,1.367622,356398,2.44E+10,0,489.97-746.7,6.38,(+0.97%),CoStar Group Inc.,Nasdaq Global Select,Business Services,http://www.costar.com,"CoStar Group Inc provides commercial real estate data covering over 4 million properties from various subsectors from commercial areas. It operates five flagship brands: CoStar, LoopNet, Apartments.com, BizBuySell, and LandsofAmerica.",Andrew C. Florance,Industrials,https://financialmodelingprep.com/images-New-jpg/CSGP.jpg
71,SNPS,161.58,1.18887,1481472,2.43E+10,0,104.9-166.87,1.41,(+0.88%),Synopsys Inc.,Nasdaq Global Select,Application Software,http://www.synopsys.com,Synopsys Inc is a software development company. It supplies electronic design automation software used by engineers to design and test integrated circuits. It provides software and hardware used to develop the electronic systems that incorporate chips.,Aart J. De Geus / Chi-Foon Chan,Technology,https://financialmodelingprep.com/images-New-jpg/SNPS.jpg
72,CTAS,214.38,0.96037,981174,2.23E+10,2.55,154.33-304.81,-3.83,(-1.76%),Cintas Corporation,Nasdaq Global Select,Retail - Apparel & Specialty,http://www.cintas.com,"Cintas Corp is a provider of corporate identity uniforms. It products include rental and sale of entrance mats, mops, shop towels, and restroom supplies. The company also offers safety supplies, fire-suppression systems maintenance and others.",Scott D. Farmer,Consumer Cyclical,https://financialmodelingprep.com/images-New-jpg/CTAS.jpg
73,INCY,99.33,0.983979,2121514,2.16E+10,0,62.48-104.81,3.41,(+3.56%),Incyte Corporation,Nasdaq Global Select,Biotechnology,http://www.incyte.com,"Incyte Corp is a biopharmaceutical company. It discovers, develops and commercializes proprietary therapeutics. Its product JAKAFI, a JAK1 and JAK2 inhibitor is used for treatment of patients with intermediate or high risk myelofibrosis.",Herve Hoppenot,Healthcare,https://financialmodelingprep.com/images-New-jpg/INCY.jpg
74,ANSS,265.85,1.411467,786846,2.28E+10,0,174.25-299.06,2.83,(+1.08%),ANSYS Inc.,Nasdaq Global Select,Application Software,http://www.ansys.com,"Ansys Inc functions in the software industry. It develops and markets engineering software and services catering to engineers, designers, researchers and students across a broad spectrum of industries and academia.",Ajei S. Gopal,Technology,https://financialmodelingprep.com/images-New-jpg/ANSS.jpg
75,CERN,68.44,0.936762,2836382,2.08E+10,0,53.08-80.9,-0.31,(-0.45%),Cerner Corporation,Nasdaq Global Select,Application Software,http://www.cerner.com,"Cerner Corp is a supplier of healthcare information technology and offers software, professional services, medical device integration, remote hosting and employer health, and wellness services. The Domestic segment generates maximum revenue.",David Brent Shafer,Technology,https://financialmodelingprep.com/images-New-jpg/CERN.jpg
76,CDNS,83,1.159359,2642811,2.32E+10,0,51.39-83.58,0.54,(+0.65%),Cadence Design Systems Inc.,Nasdaq Global Select,Application Software,http://www.cadence.com,"Cadence Design Systems Inc develops system design enablement solutions that are used to design whole electronics systems, complex integrated circuits, and electronic devices. The firm provides maintenance services for its software, hardware, and others.",Lip-Bu Tan,Technology,https://financialmodelingprep.com/images-New-jpg/CDNS.jpg
77,SPLK,158.71,2.076728,2209354,2.52E+10,0,93.92-176.31,5.47,(+3.57%),Splunk Inc.,Nasdaq Global Select,Application Software,http://www.splunk.com,"Splunk Inc provides software products. Its flagship product is Splunk Enterprise and at its core is a proprietary machine data engine, comprised of collection, indexing, search, reporting analysis and data management capabilities.",,Technology,https://financialmodelingprep.com/images-New-jpg/SPLK.jpg
78,XLNX,86.45,1.215851,3558630,2.11E+10,1.48,67.68-133.0,-0.41,(-0.47%),Xilinx Inc.,Nasdaq Global Select,Semiconductors,http://www.xilinx.com,"Xilinx Inc is a semiconductor manufacturing company. It engages in designing programmable logic such as chips for multiple applications that include communications, data processing, industrial, and automobile markets.",Victor Peng,Technology,https://financialmodelingprep.com/images-New-jpg/XLNX.jpg
79,FAST,39.74,1.228499,5856833,2.28E+10,1.12,26.72-39.88,0.69,(+1.77%),Fastenal Company,Nasdaq Global Select,Industrial Distribution,http://www.fastenal.com,"Fastenal Co is an industrial supplies company. It distributes maintains, repairs, and operates supplies to industrial and construction customers. Its product portfolio includes OEM fasteners, safety products, tools and equipment.",Daniel L. Florness,Industrials,https://financialmodelingprep.com/images-New-jpg/FAST.jpg
80,ASML,304.39,1.053097,1146091,1.29E+11,3.56,186.31-319.22,-0.01,0.00%,ASML Holding N.V.,Nasdaq Global Select,Semiconductors,http://www.asml.com,"ASML Holding NV is a part of the semiconductor industry. Its products include memory chip and logic chip, TWINSCAN systems, equipped with i-line, KrF and ArF light sources.",Peter T.F.M. Wennink,Technology,https://financialmodelingprep.com/images-New-jpg/ASML.jpg
81,MCHP,88.3,1.407251,4187409,2.16E+10,1.48,53.15-112.47,-1.4,(-1.56%),Microchip Technology Incorporated,Nasdaq Global Select,Semiconductors,http://www.microchip.com,"Microchip Technology Inc develops, manufactures and sells semiconductor products used for a range of embedded control applications. It also provides license Flash-IP solutions.",Steve Sanghi,Technology,https://financialmodelingprep.com/images-New-jpg/MCHP.jpg
82,DLTR,77.91,0.451096,3180279,1.85E+10,0,60.2-119.71,-0.14,(-0.18%),Dollar Tree Inc.,Nasdaq Global Select,Retail - Defensive,http://www.dollartree.com,"Dollar Tree Inc operates discount retail stores in the United States and Canada. It operates the stores under the names of Dollar Tree, Family Dollar and Dollar Tree Canada.",Gary M. Philbin,Consumer Defensive,https://financialmodelingprep.com/images-New-jpg/DLTR.jpg
83,CPRT,82.8,0.794266,2675303,1.94E+10,0,55.69-104.88,-0.99,(-1.18%),Copart Inc.,Nasdaq Global Select,Autos,http://www.copart.com,"Copart Inc provides online auctions and vehicle remarketing services in United States, Canada, United Kingdom and Brazil. The company offers vehicle sellers with services to process and sell vehicles over the internet.",,Consumer Cyclical,https://financialmodelingprep.com/images-New-jpg/CPRT.jpg
84,CTXS,154.02,0.973861,2689896,1.90E+10,1.4,90.28-155.1,3.04,(+2.01%),Citrix Systems Inc.,Nasdaq Global Select,Application Software,http://www.citrix.com,"Citrix Systems Inc provides virtualization, networking and cloud infrastructure solutions. It provides a complete and integrated portfolio of application delivery, virtualization, mobility, network delivery and file sharing solutions.",David J. Henshall,Technology,https://financialmodelingprep.com/images-New-jpg/CTXS.jpg
85,SWKS,110.41,1.06408,2828093,1.84E+10,2.08,66.29-128.48,-0.81,(-0.73%),Skyworks Solutions Inc.,Nasdaq Global Select,Semiconductors,http://www.skyworksinc.com,"Skyworks Solutions Inc is engaged in producing semiconductors for wireless handsets that are used to enable wireless connectivity. Its products include power amplifiers, filters, and integrated front-end modules.",,Technology,https://financialmodelingprep.com/images-New-jpg/SWKS.jpg
86,ALGN,214.3,2.067453,1275216,1.69E+10,0,127.88-334.64,4.27,(+2.03%),Align Technology Inc.,Nasdaq Global Select,Medical Devices,http://www.aligntech.com,"Align Technology Inc designs, manufactures and markets a system of clear aligner therapy, intra-oral scanners and CAD/CAM digital services used in dentistry, orthodontics, and dental records storage. Its segments are Clear Aligner and Scanners & Services.",Joseph M. Hogan,Healthcare,https://financialmodelingprep.com/images-New-jpg/ALGN.jpg
87,BMRN,96.47,1.309443,1693862,1.74E+10,0,62.88-99.6,1.27,(+1.33%),BioMarin Pharmaceutical Inc.,Nasdaq Global Select,Biotechnology,http://www.bmrn.com,Biomarin Pharmaceutical Inc is on rare-disease therapies. It develops and commercializes pharmaceuticals for serious diseases and medical conditions.,Jean-Jacques Bienaime,Healthcare,https://financialmodelingprep.com/images-New-jpg/BMRN.jpg
88,CDW,104.97,1.065767,1418519,1.49E+10,1.36,73.39-146.09,-3.57,(-3.29%),CDW Corporation,Nasdaq Global Select,Application Software,http://www.cdw.com,"CDW Corp provides IT solutions to small, medium and large business, government, education and healthcare customers in the U.S. and Canada, and the UK. Its offerings include mobility, security, and data center optimization.",Thomas E. Richards,Technology,https://financialmodelingprep.com/images-New-jpg/CDW.jpg
89,ZM,166.48,,14111654,4.69E+10,0,60.968-181.5,11.08,(+7.13%),"Zoom Video Communications, Inc.",NasdaqGS,Telecom Services,http://www.zoom.us,"Zoom Video Communications, Inc. provides a video-first communications platform that delivers changes how people interact primarily in the Americas, the Asia Pacific, Europe, the Middle East, and Africa. It connects people through frictionless video, voice, chat, and content sharing. The company's cloud-native platform enables face-to-face video experiences and connects users across various devices and locations in a single meeting. It serves education, entertainment/media, enterprise infrastructure, finance, healthcare, manufacturing, non-profit/not for profit and social impact, retail/consumer products, and software/Internet industries, as well as individuals. The company was formerly known as Zoom Communications, Inc. and changed its name to Zoom Video Communications, Inc. in May 2012. Zoom Video Communications, Inc. was founded in 2011 and is headquartered in San Jose, California.",,Communication Services,https://financialmodelingprep.com/images-New-jpg/ZM.jpg
90,TTWO,132.59,0.693086,2309008,1.50E+10,0,99.72-135.7,2.74,(+2.11%),Take-Two Interactive Software Inc.,Nasdaq Global Select,Application Software,http://www.take2games.com,"Take-Two Interactive Software Inc is a developer, marketer and publisher of interactive entertainment for consumers around the globe. It develops and publishes products through its two wholly-owned labels Rockstar Games and 2K.",,Technology,https://financialmodelingprep.com/images-New-jpg/TTWO.jpg
91,MXIM,54.6,1.397976,2918203,1.46E+10,1.9,41.93-65.73,0.48,(+0.89%),Maxim Integrated Products Inc.,Nasdaq Global Select,Semiconductors,http://www.maximintegrated.com,"Maxim Integrated Products Inc designs, develops, manufactures and markets a range of linear and mixed-signal integrated circuits, commonly referred to as analog circuits, for number of customers in diverse geographical locations.",Tunc Doluca,Technology,https://financialmodelingprep.com/images-New-jpg/MXIM.jpg
92,CHKP,107.99,0.780775,1579161,1.54E+10,0,80.06-120.99,1,(+0.93%),Check Point Software Technologies Ltd.,Nasdaq Global Select,Application Software,http://www.checkpoint.com,"Check Point Software Technologies Ltd develops, markets and supports a wide range of products and services for IT security. The company offers its customers a portfolio of network security, endpoint security, data security and management solutions.",Gil Shwed,Technology,https://financialmodelingprep.com/images-New-jpg/CHKP.jpg
93,WDC,42.39,1.811973,6582374,1.27E+10,2,27.4-72.0,-1.81,(-4.10%),Western Digital Corporation,Nasdaq Global Select,Computer Hardware,https://www.wdc.com,"Western Digital Corp is the global leader in the hard disk drive market. It develops, manufactures, and provides data storage solutions that enable consumers to create, manage, experience and preserve digital content. Its products include HDDs and SSDs.",Stephen D. Milligan,Technology,https://financialmodelingprep.com/images-New-jpg/WDC.jpg
94,ULTA,230.36,1.118043,1247340,1.30E+10,0,124.05-368.83,0.29,(+0.13%),Ulta Beauty Inc.,Nasdaq Global Select,Retail - Apparel & Specialty,http://www.ulta.com,"Ulta Beauty Inc operates as a beauty retailer in the United States. It offers cosmetics, fragrance, skin, hair care products and salon services.",Mary N. Dillon,Consumer Cyclical,https://financialmodelingprep.com/images-New-jpg/ULTA.jpg
95,TCOM,24.61,1.748233,7235874,1.46E+10,0.06,20.1-40.91,-0.51,(-2.03%),Trip.com Group Limited,NasdaqGS,Travel Services,http://www.trip.com,"Trip.com Group Limited operates as a travel service provider for accommodation reservation, transportation ticketing, packaged tours, and corporate travel management in China. The company acts as an agent for hotel-related transactions and selling air tickets; and provides other related services, including sale of aviation and train insurance, air-ticket delivery services, online check-in, and other value-added services, such as online seat selection, express security check, and real-time flight status. It also provides independent leisure travelers bundled packaged-tour products comprising group tours, semi-group tours, and customized and packaged tours with various transportation arrangements, such as flights, cruises, buses, and car rental services. In addition, the company offers integrated transportation and accommodation services; various value-added services, such as transportation at destinations and tickets, activities, insurance, visa services, and tour guides; and ",,Consumer Cyclical,https://financialmodelingprep.com/images-New-jpg/TCOM.jpg
96,LBTYK,21.07,1.381112,4755788,1.30E+10,0,14.36-27.84,-0.32,(-1.50%),Liberty Global plc,Nasdaq Global Select,Communication Services,http://www.libertyglobal.com,"Liberty Global PLC is a holding company engaged in making investments into international television and broadband companies. Through its subsidiaries, it offers telecommunication, broadband services and cable network.",Michael T. Fries,Communication Services,https://financialmodelingprep.com/images-New-jpg/LBTYK.jpg
97,NTAP,44.01,1.56661,2823040,9.73E+09,1.92,34.66-70.37,-0.89,(-1.98%),NetApp Inc.,Nasdaq Global Select,Computer Hardware,http://www.netapp.com,"NetApp Inc provides technology solutions. It is engaged in the design, manufacturing, marketing, and technical support of high-performance storage and data management solutions. Its core product offering icnlude data storage devices such as flash drives.",,Technology,https://financialmodelingprep.com/images-New-jpg/NTAP.jpg
98,EXPE,67.62,0.987352,4852677,9.53E+09,1.34,40.76-144.0,-1.65,(-2.38%),Expedia Inc.,Nasdaq Global Select,Travel & Leisure,http://www.expedia.com,"Expedia Inc is an online travel company. It offers holiday packages, rental cars, cruises, as well as destination services and activities. The Core OTA segment generates maximum revenue for the company.",Mark D. Okerstrom,Consumer Cyclical,https://financialmodelingprep.com/images-New-jpg/EXPE.jpg
99,FOXA,25.67,0,5216346,1.54E+10,0,19.81-39.735,-0.33,(-1.27%),Twenty-First Century Fox Inc.,Nasdaq Global Select,Entertainment,http://www.21cf.com,"Twenty-First Century Fox Inc is a diversified media and entertainment company. It operates in various business segments namely Cable Network Programming, Television, Filmed Entertainment, and Direct Broadcast Satellite Television.",James R. Murdoch,Consumer Cyclical,https://financialmodelingprep.com/images-New-jpg/FOXA.jpg
100,FOX,25.45,0,1991327,1.54E+10,0,19.13-38.84,-0.28,(-1.09%),Twenty-First Century Fox Inc.,Nasdaq Global Select,Entertainment,http://www.21cf.com,"Twenty-First Century Fox Inc is a diversified media and entertainment company. It operates in various business segments namely Cable Network Programming, Television, Filmed Entertainment, and Direct Broadcast Satellite Television.",James R. Murdoch,Consumer Cyclical,https://financialmodelingprep.com/images-New-jpg/FOX.jpg
101,UAL,23.97,1.145868,27825270,6.96E+09,0,17.8-96.03,-1.45,(-5.70%),United Continental Holdings,New York Stock Exchange,Airlines,http://www.unitedcontinentalholdings.com,United Continental Holdings Inc is a holding company. It transports people and cargo through its mainline and regional operations.,Oscar Munoz,Industrials,https://financialmodelingprep.com/images-New-jpg/UAL.jpg
102,LBTYA,21.54,1.381112,2498332,1.30E+10,12.88,15.24-28.62,-0.2,(-0.92%),Liberty Global plc Class A Ordinary Shares,Nasdaq Global Select,Communication Services,http://www.libertyglobal.com,"Liberty Global PLC is a holding company engaged in making investments into international television and broadband companies. Through its subsidiaries, it offers telecommunication, broadband services and cable network.",Michael T. Fries,Communication Services,https://financialmodelingprep.com/images-New-jpg/LBTYA.jpg